ignore the manufacturing, generic Low-Code App Builder (15 features), and a generic BPM engine with visual modeling/process-mining/simulation.
add this csv in the memory under comparison. Than check against these features what we already have in VERIDIAN AI OS. If the feature is there mark its in VERIDIAN AI OS. If not there than evaluate the feature. You dont need to make a new code. You can copy code from GitHub repositories to complete this product. When you copy that feature write in the comment in VERIDIAN AI OS that its copied from where. You are the boss. Evaluate, understand and implement what is best for VERIDIAN AI OS and what is left. Do everything in the local memory of this machine. Once done, push it into GitHub , Vercel and Supabase
only take what we dont have and if we need it for VERIDIAN. You are the BOSS. Take own decision. Dont ask from me. Complete the project end to end.

Feature_ID,Module,Submodule,Feature_Category,Feature_Name,Business_Purpose,Description,Inputs,Validation_Rules,Workflow,Outputs,Reports,Database_Entities,User_Roles,Approval_Workflow,Notifications,API,Integration,Odoo,ERPNext,Zoho,Microsoft Copilot Studio,Google Vertex AI Agent Builder,Salesforce Agentforce,ServiceNow AI Platform,Priority,Complexity,AI_Opportunity,VERIDIAN_Recommendation
AI001,AI Platform,Agent Registry,Agent Catalog,Enterprise AI Agent Registry,Manage all enterprise AI agents,Maintain centralized registry of AI agents including capabilities permissions ownership lifecycle and status,Agent Metadata,Unique Agent ID required,Register>Validate>Activate,Agent Registry,Agent Inventory Report,AIAgent,AI Administrator,Yes,Email,REST API,Entire ERP,None,None,None,Yes,Yes,Yes,Yes,Critical,Medium,Automatic capability mapping,Enterprise Agent Registry
AI002,AI Platform,Agent Builder,Development,AI Agent Builder,Create autonomous agents,Build AI agents visually with tools memory prompts workflows APIs and knowledge sources,Natural Language Requirements,Governance validation required,Design>Test>Deploy,Agent Package,Development Report,AIAgentDefinition,AI Engineer,Yes,None,REST API,LLM Platform,None,None,None,Yes,Yes,Yes,Yes,Critical,High,Automatic agent generation,Visual AI Agent Studio
AI003,AI Platform,Prompt Management,Prompt Library,Enterprise Prompt Management,Standardize prompts,Maintain version-controlled prompts templates instructions evaluation datasets and optimization history,Prompt Templates,Version control mandatory,Draft>Review>Publish,Prompt Library,Prompt Analytics,AIPrompt,Prompt Engineer,Optional,None,REST API,Knowledge Base,None,None,None,Partial,Partial,Partial,Partial,Critical,Medium,Prompt optimization,Enterprise Prompt Hub
AI004,AI Platform,Memory,Context Engine,Long-Term Memory Management,Retain enterprise knowledge,Provide short-term long-term vector relational and graph memory for AI agents,Enterprise Data,Access control required,Retrieve>Reason>Store,Context Memory,Memory Analytics,AIMemory,AI Platform Administrator,None,None,REST API,Vector Database Graph DB,None,None,None,Partial,Partial,Partial,Partial,Critical,High,Memory optimization,Enterprise Memory Fabric
AI005,AI Platform,RAG,Knowledge Retrieval,Retrieval Augmented Generation,Ground AI responses,Retrieve enterprise knowledge from ERP DMS emails contracts policies and structured databases before inference,Knowledge Sources,Access rights enforced,Index>Retrieve>Answer,Grounded Responses,RAG Performance Report,RAGIndex,Knowledge Administrator,None,None,REST API,DMS ERP CRM,None,None,None,Yes,Yes,Yes,Yes,Critical,High,Semantic retrieval,Enterprise Knowledge Engine
AI006,AI Platform,Agent Collaboration,Multi-Agent System,Multi-Agent Coordination,Coordinate specialized agents,Allow planner executor reviewer auditor and domain agents to collaborate on complex business tasks,Agent Tasks,Policy validation required,Plan>Delegate>Review,Completed Task,Collaboration Dashboard,AgentSession,AI Orchestrator,Policy Based,Task Notifications,REST API,Workflow Engine,None,None,None,Partial,Yes,Yes,Yes,Critical,Very High,Autonomous collaboration,Enterprise Multi-Agent System
AI007,AI Platform,Tool Calling,Enterprise Tools,Secure Tool Invocation,Enable AI actions,Allow AI agents to securely call ERP APIs SQL reports documents workflows and external services,Tool Definitions,Permission validation required,Request>Authorize>Execute,Tool Results,Tool Usage Report,AIToolInvocation,System Administrator,Policy Based,Execution Alerts,REST API,All ERP Modules,Yes,Yes,Yes,Partial,Partial,Partial,Partial,Critical,High,Dynamic tool selection,Universal Tool Framework
AI008,AI Platform,Governance,AI Policies,AI Governance Framework,Control enterprise AI,Manage policies approvals safety audit compliance cost limits model selection and usage governance,Governance Policies,Executive approval required,Draft>Approve>Monitor,Governance Status,AI Governance Dashboard,AIGovernance,Chief AI Officer,Yes,Compliance Alerts,REST API,GRC,None,None,None,Partial,Partial,Partial,Partial,Critical,High,Risk scoring,Enterprise AI Governance
AI009,AI Platform,Model Router,Inference Engine,Multi-Model Routing,Optimize AI cost and quality,Route requests dynamically across open-source local cloud and frontier models based on task complexity cost latency and accuracy,Inference Requests,Routing policy required,Analyze>Route>Respond,Optimized Responses,Model Utilization Report,ModelRoute,AI Operations,None,None,REST API,Groq OpenRouter OpenAI Anthropic Gemini,None,None,None,Partial,Partial,Partial,Partial,Critical,Very High,Cost optimization,Intelligent Model Router
AI010,AI Platform,Observability,AI Monitoring,AI Agent Monitoring,Monitor AI operations,Track latency token usage hallucinations costs failures accuracy feedback and business outcomes,AI Telemetry,Monitoring enabled,Observe>Analyze,Operational Dashboard,AI Operations Report,AIMetrics,AI Operations Team,None,Operational Alerts,REST API,Observability Stack,None,None,None,Partial,Partial,Partial,Partial,Critical,Medium,Predictive monitoring,AI Operations Center
AI011,AI Platform,Evaluation,Quality Assurance,AI Evaluation Framework,Measure AI quality,Benchmark prompts models agents workflows accuracy safety bias grounding and ROI using automated evaluation datasets,Evaluation Data,Evaluation baseline required,Execute>Compare,Evaluation Results,Quality Dashboard,AIEvaluation,AI Quality Manager,Optional,None,REST API,Testing Framework,None,None,None,Partial,Partial,Partial,Partial,Critical,High,Continuous evaluation,Enterprise AI Benchmarking
AI012,AI Platform,Learning,Feedback Loop,Continuous Learning System,Improve AI performance,Collect user feedback corrections approvals and operational results for continuous optimization,User Feedback,Human approval required,Collect>Learn>Improve,Updated Models,Learning Analytics,AIFeedbackLoop,Department Managers,Optional,None,REST API,Knowledge Platform,None,None,None,Partial,Partial,Partial,Partial,Strategic,High,Reinforcement learning,Continuous Enterprise Learning
AI013,AI Platform,Security,AI Security,Enterprise AI Security,Secure AI ecosystem,Protect prompts models APIs vector databases secrets identities and enterprise data with Zero Trust architecture,Security Policies,Security validation mandatory,Authenticate>Authorize>Execute,Secure AI Platform,Security Dashboard,AISecurity,Chief Information Security Officer,Yes,Security Alerts,REST API,IAM SIEM,None,None,None,Partial,Partial,Partial,Partial,Critical,High,Threat detection,Zero Trust AI Security
AI014,AI Platform,Audit,AI Audit Trail,Immutable AI Audit,Track every AI decision,Record prompts context retrieved documents model outputs approvals actions tool calls costs and user feedback,AI Events,Immutable logging required,Automatic,Audit Log,AI Audit Report,AIAudit,Internal Auditor,None,None,REST API,Security Platform,Yes,Yes,Yes,Yes,Yes,Yes,Yes,Critical,Low,Decision explainability,Blockchain-ready AI Audit
AI015,AI Platform,Autonomous Enterprise,AI Operating System,Enterprise AI Operating System,Run an autonomous enterprise,Coordinate thousands of AI agents across Finance HR CRM SCM Manufacturing Projects Legal Procurement Quality Analytics BPM Workflow IoT and Customer Service using hierarchical planning multi-agent collaboration dynamic model routing retrieval augmented generation knowledge graphs reinforcement learning autonomous workflow execution human approval gates continuous optimization and enterprise governance to achieve end-to-end autonomous business operations,Entire Enterprise Data Lake,Enterprise governance mandatory,Observe>Reason>Plan>Execute>Learn,Enterprise AI Command Center,Executive AI Dashboard,AIOperatingSystem,Chief Executive Officer,Human-in-the-loop,Executive Notifications,REST API,Entire Enterprise Ecosystem,None,None,None,Pilot,Pilot,Pilot,Pilot,Strategic,Extreme,Full autonomous enterprise orchestration self-improving ERP AI workforce digital executives and enterprise intelligence,VERIDIAN AI Operating System designed to exceed Microsoft Copilot Studio Google Vertex AI Agent Builder Salesforce Agentforce ServiceNow AI Platform and become the AI-native operating system for enterprises
Feature_ID,Module,Submodule,Feature_Category,Feature_Name,Business_Purpose,Description,Inputs,Validation_Rules,Workflow,Outputs,Reports,Database_Entities,User_Roles,Approval_Workflow,Notifications,API,Integration,Odoo,ERPNext,Zoho,Microsoft Copilot Studio,Google Vertex AI Agent Builder,Salesforce Agentforce,ServiceNow AI Platform,Priority,Complexity,AI_Opportunity,VERIDIAN_Recommendation
AI001,AI Platform,Agent Registry,Agent Catalog,Enterprise AI Agent Registry,Manage all enterprise AI agents,Maintain centralized registry of AI agents including capabilities permissions ownership lifecycle and status,Agent Metadata,Unique Agent ID required,Register>Validate>Activate,Agent Registry,Agent Inventory Report,AIAgent,AI Administrator,Yes,Email,REST API,Entire ERP,None,None,None,Yes,Yes,Yes,Yes,Critical,Medium,Automatic capability mapping,Enterprise Agent Registry
AI002,AI Platform,Agent Builder,Development,AI Agent Builder,Create autonomous agents,Build AI agents visually with tools memory prompts workflows APIs and knowledge sources,Natural Language Requirements,Governance validation required,Design>Test>Deploy,Agent Package,Development Report,AIAgentDefinition,AI Engineer,Yes,None,REST API,LLM Platform,None,None,None,Yes,Yes,Yes,Yes,Critical,High,Automatic agent generation,Visual AI Agent Studio
AI003,AI Platform,Prompt Management,Prompt Library,Enterprise Prompt Management,Standardize prompts,Maintain version-controlled prompts templates instructions evaluation datasets and optimization history,Prompt Templates,Version control mandatory,Draft>Review>Publish,Prompt Library,Prompt Analytics,AIPrompt,Prompt Engineer,Optional,None,REST API,Knowledge Base,None,None,None,Partial,Partial,Partial,Partial,Critical,Medium,Prompt optimization,Enterprise Prompt Hub
AI004,AI Platform,Memory,Context Engine,Long-Term Memory Management,Retain enterprise knowledge,Provide short-term long-term vector relational and graph memory for AI agents,Enterprise Data,Access control required,Retrieve>Reason>Store,Context Memory,Memory Analytics,AIMemory,AI Platform Administrator,None,None,REST API,Vector Database Graph DB,None,None,None,Partial,Partial,Partial,Partial,Critical,High,Memory optimization,Enterprise Memory Fabric
AI005,AI Platform,RAG,Knowledge Retrieval,Retrieval Augmented Generation,Ground AI responses,Retrieve enterprise knowledge from ERP DMS emails contracts policies and structured databases before inference,Knowledge Sources,Access rights enforced,Index>Retrieve>Answer,Grounded Responses,RAG Performance Report,RAGIndex,Knowledge Administrator,None,None,REST API,DMS ERP CRM,None,None,None,Yes,Yes,Yes,Yes,Critical,High,Semantic retrieval,Enterprise Knowledge Engine
AI006,AI Platform,Agent Collaboration,Multi-Agent System,Multi-Agent Coordination,Coordinate specialized agents,Allow planner executor reviewer auditor and domain agents to collaborate on complex business tasks,Agent Tasks,Policy validation required,Plan>Delegate>Review,Completed Task,Collaboration Dashboard,AgentSession,AI Orchestrator,Policy Based,Task Notifications,REST API,Workflow Engine,None,None,None,Partial,Yes,Yes,Yes,Critical,Very High,Autonomous collaboration,Enterprise Multi-Agent System
AI007,AI Platform,Tool Calling,Enterprise Tools,Secure Tool Invocation,Enable AI actions,Allow AI agents to securely call ERP APIs SQL reports documents workflows and external services,Tool Definitions,Permission validation required,Request>Authorize>Execute,Tool Results,Tool Usage Report,AIToolInvocation,System Administrator,Policy Based,Execution Alerts,REST API,All ERP Modules,Yes,Yes,Yes,Partial,Partial,Partial,Partial,Critical,High,Dynamic tool selection,Universal Tool Framework
AI008,AI Platform,Governance,AI Policies,AI Governance Framework,Control enterprise AI,Manage policies approvals safety audit compliance cost limits model selection and usage governance,Governance Policies,Executive approval required,Draft>Approve>Monitor,Governance Status,AI Governance Dashboard,AIGovernance,Chief AI Officer,Yes,Compliance Alerts,REST API,GRC,None,None,None,Partial,Partial,Partial,Partial,Critical,High,Risk scoring,Enterprise AI Governance
AI009,AI Platform,Model Router,Inference Engine,Multi-Model Routing,Optimize AI cost and quality,Route requests dynamically across open-source local cloud and frontier models based on task complexity cost latency and accuracy,Inference Requests,Routing policy required,Analyze>Route>Respond,Optimized Responses,Model Utilization Report,ModelRoute,AI Operations,None,None,REST API,Groq OpenRouter OpenAI Anthropic Gemini,None,None,None,Partial,Partial,Partial,Partial,Critical,Very High,Cost optimization,Intelligent Model Router
AI010,AI Platform,Observability,AI Monitoring,AI Agent Monitoring,Monitor AI operations,Track latency token usage hallucinations costs failures accuracy feedback and business outcomes,AI Telemetry,Monitoring enabled,Observe>Analyze,Operational Dashboard,AI Operations Report,AIMetrics,AI Operations Team,None,Operational Alerts,REST API,Observability Stack,None,None,None,Partial,Partial,Partial,Partial,Critical,Medium,Predictive monitoring,AI Operations Center
AI011,AI Platform,Evaluation,Quality Assurance,AI Evaluation Framework,Measure AI quality,Benchmark prompts models agents workflows accuracy safety bias grounding and ROI using automated evaluation datasets,Evaluation Data,Evaluation baseline required,Execute>Compare,Evaluation Results,Quality Dashboard,AIEvaluation,AI Quality Manager,Optional,None,REST API,Testing Framework,None,None,None,Partial,Partial,Partial,Partial,Critical,High,Continuous evaluation,Enterprise AI Benchmarking
AI012,AI Platform,Learning,Feedback Loop,Continuous Learning System,Improve AI performance,Collect user feedback corrections approvals and operational results for continuous optimization,User Feedback,Human approval required,Collect>Learn>Improve,Updated Models,Learning Analytics,AIFeedbackLoop,Department Managers,Optional,None,REST API,Knowledge Platform,None,None,None,Partial,Partial,Partial,Partial,Strategic,High,Reinforcement learning,Continuous Enterprise Learning
AI013,AI Platform,Security,AI Security,Enterprise AI Security,Secure AI ecosystem,Protect prompts models APIs vector databases secrets identities and enterprise data with Zero Trust architecture,Security Policies,Security validation mandatory,Authenticate>Authorize>Execute,Secure AI Platform,Security Dashboard,AISecurity,Chief Information Security Officer,Yes,Security Alerts,REST API,IAM SIEM,None,None,None,Partial,Partial,Partial,Partial,Critical,High,Threat detection,Zero Trust AI Security
AI014,AI Platform,Audit,AI Audit Trail,Immutable AI Audit,Track every AI decision,Record prompts context retrieved documents model outputs approvals actions tool calls costs and user feedback,AI Events,Immutable logging required,Automatic,Audit Log,AI Audit Report,AIAudit,Internal Auditor,None,None,REST API,Security Platform,Yes,Yes,Yes,Yes,Yes,Yes,Yes,Critical,Low,Decision explainability,Blockchain-ready AI Audit
AI015,AI Platform,Autonomous Enterprise,AI Operating System,Enterprise AI Operating System,Run an autonomous enterprise,Coordinate thousands of AI agents across Finance HR CRM SCM Manufacturing Projects Legal Procurement Quality Analytics BPM Workflow IoT and Customer Service using hierarchical planning multi-agent collaboration dynamic model routing retrieval augmented generation knowledge graphs reinforcement learning autonomous workflow execution human approval gates continuous optimization and enterprise governance to achieve end-to-end autonomous business operations,Entire Enterprise Data Lake,Enterprise governance mandatory,Observe>Reason>Plan>Execute>Learn,Enterprise AI Command Center,Executive AI Dashboard,AIOperatingSystem,Chief Executive Officer,Human-in-the-loop,Executive Notifications,REST API,Entire Enterprise Ecosystem,None,None,None,Pilot,Pilot,Pilot,Pilot,Strategic,Extreme,Full autonomous enterprise orchestration self-improving ERP AI workforce digital executives and enterprise intelligence,VERIDIAN AI Operating System designed to exceed Microsoft Copilot Studio Google Vertex AI Agent Builder Salesforce Agentforce ServiceNow AI Platform and become the AI-native operating system for enterprises
Feature_ID,Module,Submodule,Feature_Category,Feature_Name,Business_Purpose,Description,Inputs,Validation_Rules,Workflow,Outputs,Reports,Database_Entities,User_Roles,Approval_Workflow,Notifications,API,Integration,Odoo,ERPNext,Zoho,Siemens Digital Twin,PTC ThingWorx,Azure Digital Twins,Ansys Twin Builder,Priority,Complexity,AI_Opportunity,VERIDIAN_Recommendation
DT001,Digital Twin,Twin Registry,Asset Registry,Enterprise Digital Twin Registry,Maintain digital representation of enterprise assets,Create digital twins for factories machines warehouses offices supply chains business processes and organizations,Asset Master Data,Unique Twin ID required,Register>Validate>Activate,Twin Registry,Twin Inventory Report,DigitalTwin,Digital Twin Administrator,Optional,Email,REST API,Entire ERP,No,No,No,Yes,Yes,Yes,Yes,Critical,Medium,Automatic twin generation,Enterprise Twin Registry
DT002,Digital Twin,Physical Assets,Asset Twin,Equipment Digital Twin,Mirror physical equipment,Maintain real-time digital representation of machines equipment production lines and facilities using IoT data,IoT Sensors Asset Data,Sensor validation required,Collect>Synchronize,Twin Status,Asset Health Report,AssetTwin,Maintenance Manager,None,Alerts,REST API,IoT SCADA CMMS,Partial,Partial,Partial,Yes,Yes,Yes,Yes,Critical,High,Predictive maintenance,Smart Equipment Twin
DT003,Digital Twin,Process Twin,Business Twin,Business Process Digital Twin,Model enterprise processes,Represent procurement finance HR manufacturing logistics CRM and workflows as executable digital twins,Process Models,Process validation required,Model>Execute>Analyze,Process Twin,Process Simulation Report,ProcessTwin,Process Architect,Optional,None,REST API,BPM ERP,Partial,Partial,Partial,Yes,Partial,Yes,Partial,Critical,High,Process optimization,Enterprise Process Twin
DT004,Digital Twin,Supply Chain,Network Twin,Supply Chain Digital Twin,Model supply chain operations,Represent suppliers factories warehouses transportation inventory and customer distribution in real time,Supply Chain Data,Network consistency validation,Synchronize>Optimize,Supply Chain Twin,Supply Chain Dashboard,SupplyChainTwin,Supply Chain Director,None,Risk Alerts,REST API,SCM WMS TMS,Partial,Partial,Partial,Yes,Partial,Yes,Partial,Critical,High,Supply chain optimization,AI Supply Chain Twin
DT005,Digital Twin,Factory,Manufacturing Twin,Factory Digital Twin,Optimize manufacturing operations,Model complete production facilities including production lines robots utilities quality and maintenance,Manufacturing IoT Data,Equipment synchronization required,Collect>Analyze>Optimize,Factory Twin,Factory Performance Report,FactoryTwin,Plant Manager,Optional,Production Alerts,REST API,MES IIoT PLM,Partial,Partial,No,Yes,Yes,Yes,Yes,Critical,Very High,Production optimization,Smart Factory Twin
DT006,Digital Twin,Simulation,Scenario Engine,Enterprise Simulation Engine,Evaluate future scenarios,Run simulations for demand production logistics finance workforce energy and supply chain disruptions,Historical Data Simulation Parameters,Simulation validation required,Configure>Simulate>Compare,Simulation Results,Scenario Analysis Report,SimulationScenario,Business Analyst,None,None,REST API,Analytics Platform,No,No,No,Yes,Yes,Yes,Yes,Strategic,High,Scenario prediction,Enterprise Simulation Engine
DT007,Digital Twin,Optimization,Decision Support,Optimization Engine,Optimize enterprise performance,Optimize inventory schedules routing staffing production procurement pricing and resources using optimization algorithms,Optimization Constraints,Objective function validation,Analyze>Optimize,Optimization Plan,Optimization Dashboard,OptimizationModel,Operations Manager,Optional,None,REST API,Optimization Engine,Partial,Partial,Partial,Yes,Partial,Partial,Partial,Critical,Very High,Autonomous optimization,Enterprise Optimization Engine
DT008,Digital Twin,Risk,Risk Simulation,Risk Scenario Modeling,Assess enterprise risks,Simulate cyber disasters financial crises supplier failures demand shocks and operational disruptions,Risk Data,Risk model validation,Simulate>Assess,Risk Forecast,Risk Simulation Report,RiskSimulation,Chief Risk Officer,Yes,Risk Alerts,REST API,GRC BCM,Partial,Partial,Partial,Yes,Partial,Partial,Partial,Critical,High,Predictive risk analysis,Risk Digital Twin
DT009,Digital Twin,Sustainability,ESG Twin,Sustainability Digital Twin,Optimize ESG performance,Model carbon emissions energy water waste biodiversity and ESG metrics under different scenarios,Environmental Data,ESG validation required,Collect>Simulate,ESG Twin,ESG Simulation Report,ESGTwin,Chief Sustainability Officer,None,Compliance Alerts,REST API,ESG IoT Finance,No,No,No,Yes,Partial,Yes,Partial,Strategic,High,Carbon optimization,Sustainability Digital Twin
DT010,Digital Twin,Financial,Finance Twin,Financial Digital Twin,Model enterprise finances,Create dynamic financial twin covering revenue costs profitability cash flow investments taxes and forecasts,Financial Transactions,Financial reconciliation required,Synchronize>Forecast,Financial Twin,Financial Forecast Report,FinanceTwin,CFO,Optional,Financial Alerts,REST API,Finance ERP BI,Partial,Partial,Partial,Partial,Partial,Partial,Partial,Critical,High,Financial forecasting,Financial Intelligence Twin
DT011,Digital Twin,Customer,Experience Twin,Customer Journey Twin,Understand customer behavior,Model customer interactions purchasing support marketing engagement churn and loyalty across channels,CRM Data Customer Events,Privacy validation required,Analyze>Predict,Customer Twin,Customer Journey Report,CustomerTwin,Chief Customer Officer,None,Customer Alerts,REST API,CRM CDP,Partial,Partial,Partial,Partial,Partial,Partial,Partial,Strategic,Medium,Behavior prediction,Customer Experience Twin
DT012,Digital Twin,Visualization,3D Visualization,Enterprise Twin Dashboard,Visualize enterprise operations,Provide interactive dashboards GIS maps floor plans 3D models and operational command centers,Twin Data Streams,Rendering validation required,Render>Interact,Twin Dashboard,Operational Dashboard,TwinVisualization,Executives,None,None,REST API,BI GIS 3D Engines,No,No,No,Yes,Yes,Yes,Yes,High,Medium,Visual anomaly detection,Enterprise Twin Command Center
DT013,Digital Twin,Analytics,Predictive Intelligence,Twin Analytics,Analyze digital twins,Apply predictive analytics machine learning and anomaly detection across enterprise twins,Twin Telemetry,Historical data required,Analyze>Predict,Predictions,Twin Intelligence Report,TwinAnalytics,Data Scientist,None,None,REST API,Analytics AI Platform,Partial,Partial,Partial,Yes,Yes,Yes,Yes,Critical,High,Predictive intelligence,Twin Intelligence Platform
DT014,Digital Twin,Audit,Twin Audit,Immutable Twin Audit Trail,Track all twin activities,Maintain complete history of simulations updates sensor feeds AI decisions optimization runs and user actions,Twin Events,Immutable logging required,Automatic,Audit Log,Twin Audit Report,TwinAudit,Internal Auditor,None,None,REST API,Security Platform,Yes,Yes,Yes,Yes,Yes,Yes,Yes,Critical,Low,Operational anomaly detection,Blockchain-ready Twin Audit
DT015,Digital Twin,AI,Enterprise Twin Intelligence,AI Digital Twin Copilot,Create a living autonomous enterprise model,Continuously synchronize enterprise ERP IoT CRM HR Finance Manufacturing Supply Chain ESG Legal and external data into interconnected digital twins that simulate optimize predict and autonomously recommend enterprise decisions using generative AI multi-agent systems reinforcement learning knowledge graphs predictive analytics simulation optimization and explainable AI,Enterprise Data Lake IoT Streams,Enterprise governance mandatory,Observe>Synchronize>Simulate>Predict>Optimize>Learn,Enterprise Digital Twin Command Center,Executive Simulation Dashboard,EnterpriseTwinAI,Chief Digital Officer,Human-in-the-loop,Executive Notifications,REST API,Entire Enterprise Ecosystem,None,None,None,Pilot,Pilot,Pilot,Pilot,Strategic,Extreme,Autonomous enterprise simulation predictive optimization digital executives and enterprise-wide decision intelligence,VERIDIAN Enterprise Digital Twin Platform exceeding Siemens Digital Twin PTC ThingWorx Azure Digital Twins Ansys Twin Builder and integrating natively with the VERIDIAN AI Operating System
Feature_ID,Module,Submodule,Feature_Category,Feature_Name,Business_Purpose,Description,Inputs,Validation_Rules,Workflow,Outputs,Reports,Database_Entities,User_Roles,Approval_Workflow,Notifications,API,Integration,Odoo,ERPNext,Zoho,Informatica MDM,Reltio,Semarchy xDM,Profisee,Priority,Complexity,AI_Opportunity,VERIDIAN_Recommendation
MDM001,Master Data Management,Data Domains,Master Registry,Enterprise Master Data Registry,Maintain a single source of truth,Centralize master records for customers suppliers products employees assets locations finance and reference data,Master Data Records,Unique global identifier required,Create>Review>Approve>Publish,Master Data Repository,Master Data Summary Report,MasterEntity,MDM Administrator,Yes,Email,REST API,Entire ERP,Partial,Partial,Partial,Yes,Yes,Yes,Yes,Critical,High,Duplicate detection,Enterprise Master Registry
MDM002,Master Data Management,Customer MDM,Customer Master,Customer Master Management,Maintain trusted customer records,Manage customer identities hierarchies addresses contacts tax information segmentation and lifecycle,Customer Records,Duplicate validation mandatory,Create>Merge>Approve,Customer Master,Customer Quality Report,CustomerMaster,Sales Administrator,Optional,Alerts,REST API,CRM Finance Sales,Yes,Yes,Yes,Yes,Yes,Yes,Yes,Critical,High,Identity resolution,360 Customer Master
MDM003,Master Data Management,Supplier MDM,Supplier Master,Supplier Master Management,Maintain trusted supplier records,Manage suppliers vendors partners certifications banking tax compliance ESG ratings and lifecycle,Supplier Records,Tax validation required,Register>Approve>Activate,Supplier Master,Supplier Master Report,SupplierMaster,Procurement Manager,Yes,Approval Alerts,REST API,Procurement Finance ESG,Yes,Yes,Yes,Yes,Yes,Yes,Yes,Critical,High,Supplier matching,360 Supplier Master
MDM004,Master Data Management,Product MDM,Product Master,Product Information Management,Maintain enterprise product data,Manage SKUs BOMs specifications variants categories pricing units attributes and multilingual descriptions,Product Records,SKU uniqueness required,Create>Review>Release,Product Master,Product Catalog Report,ProductMaster,Product Manager,Yes,Notifications,REST API,PLM ERP SCM,Yes,Yes,Yes,Yes,Yes,Yes,Yes,Critical,Very High,Attribute enrichment,Enterprise Product Information Management
MDM005,Master Data Management,Employee MDM,HR Master,Employee Master Management,Maintain workforce master records,Manage employee identities organization assignments skills certifications payroll references and lifecycle,HR Records,Employee ID mandatory,Hire>Approve>Maintain,Employee Master,Employee Master Report,EmployeeMaster,HR Administrator,Yes,HR Notifications,REST API,HR Payroll IAM,Yes,Yes,Yes,Partial,Partial,Partial,Partial,Critical,Medium,Profile enrichment,Unified Workforce Master
MDM006,Master Data Management,Reference Data,Reference Library,Reference Data Management,Standardize enterprise reference data,Maintain currencies countries tax codes UOM cost centers GL codes and classifications centrally,Reference Values,Reference integrity validation required,Maintain>Approve,Reference Repository,Reference Data Report,ReferenceData,Data Steward,Optional,None,REST API,All Modules,Yes,Yes,Yes,Yes,Partial,Partial,Partial,Critical,Medium,Classification suggestions,Enterprise Reference Data Hub
MDM007,Master Data Management,Data Quality,Quality Engine,Master Data Quality Management,Improve data accuracy,Detect duplicates missing values inconsistent records invalid references and quality issues using configurable rules,Master Data Repository,Quality rules mandatory,Profile>Clean>Approve,Quality Score,Data Quality Dashboard,DataQualityIssue,Data Quality Manager,Optional,Quality Alerts,REST API,Analytics Platform,Partial,Partial,Partial,Yes,Yes,Yes,Yes,Critical,High,Automatic cleansing,AI Data Quality Engine
MDM008,Master Data Management,Matching,Golden Record,Golden Record Management,Create trusted enterprise records,Merge duplicate entities using deterministic and probabilistic matching algorithms into golden records,Multiple Source Records,Confidence threshold required,Match>Merge>Approve,Golden Record,Merge Report,GoldenRecord,MDM Steward,Yes,Merge Alerts,REST API,CRM ERP DMS,No,No,No,Yes,Yes,Yes,Yes,Critical,Very High,Entity resolution,Golden Record Intelligence
MDM009,Master Data Management,Governance,Data Stewardship,Master Data Governance,Control enterprise data ownership,Assign data owners stewards custodians approval policies stewardship tasks and governance workflows,Governance Policies,Role assignment mandatory,Assign>Approve>Monitor,Governance Register,Stewardship Dashboard,DataGovernance,Chief Data Officer,Yes,Governance Alerts,REST API,GRC HR,Partial,Partial,Partial,Yes,Yes,Yes,Yes,Critical,High,Ownership recommendations,Enterprise Data Governance
MDM010,Master Data Management,Metadata,Metadata Repository,Enterprise Metadata Management,Document enterprise information assets,Maintain business glossary technical metadata lineage schemas definitions owners and relationships,Metadata Definitions,Metadata completeness required,Capture>Publish,Metadata Repository,Metadata Report,MetadataCatalog,Enterprise Architect,None,None,REST API,Data Catalog BI,Partial,Partial,Partial,Partial,Yes,Yes,Yes,High,High,Metadata discovery,Enterprise Metadata Catalog
MDM011,Master Data Management,Lineage,Data Lineage,End-to-End Data Lineage,Trace data movement,Track origin transformations integrations reports APIs AI models and downstream consumers for every data element,Integration Logs,Lineage completeness required,Capture>Visualize,Lineage Graph,Lineage Analysis Report,DataLineage,Data Architect,None,None,REST API,ETL API BI AI,No,No,No,Yes,Partial,Yes,Partial,Critical,High,Impact analysis,Enterprise Lineage Graph
MDM012,Master Data Management,Privacy,Data Governance,Privacy & Consent Management,Protect enterprise information,Manage data classifications consent retention masking anonymization GDPR DPDP HIPAA and regulatory compliance,Privacy Policies,Compliance validation required,Classify>Protect>Audit,Privacy Status,Privacy Compliance Report,PrivacyRecord,Privacy Officer,Yes,Compliance Alerts,REST API,Security IAM GRC,Partial,Partial,Partial,Yes,Partial,Partial,Partial,Critical,High,Risk detection,Enterprise Privacy Platform
MDM013,Master Data Management,Synchronization,Data Distribution,Master Data Synchronization,Distribute trusted data,Synchronize master data with ERP CRM SCM HR BI APIs warehouses and external systems in near real time,Approved Master Data,Synchronization policy required,Publish>Sync,Sync Status,Synchronization Dashboard,DataSynchronization,Integration Administrator,None,Sync Alerts,REST API,Enterprise Integration Platform,Yes,Yes,Yes,Yes,Yes,Yes,Yes,Critical,High,Conflict resolution,Universal Master Data Distribution
MDM014,Master Data Management,Audit,Data Audit,Immutable Master Data Audit Trail,Maintain complete data history,Record every creation update merge approval synchronization deletion access and governance activity for master data,Master Data Events,Immutable logging enabled,Automatic,Audit Log,Audit Report,MasterDataAudit,Internal Auditor,None,None,REST API,Security Platform,Yes,Yes,Yes,Yes,Yes,Yes,Yes,Critical,Low,Behavior anomaly detection,Blockchain-ready Master Data Audit
MDM015,Master Data Management,AI,Enterprise Data Intelligence,AI Master Data Copilot,Create autonomous enterprise data governance,Continuously analyze enterprise master data transactional data metadata lineage integrations user behavior and business rules to identify duplicates enrich records recommend classifications automate stewardship detect anomalies optimize governance policies generate metadata answer business questions and maintain trusted enterprise knowledge using generative AI retrieval augmented generation knowledge graphs entity resolution machine learning and explainable AI,Enterprise Data Lake Metadata Catalog,Enterprise governance mandatory,Observe>Clean>Enrich>Govern>Learn,Enterprise Data Intelligence Platform,Executive Data Governance Dashboard,AIMDMPlatform,Chief Data Officer,Human-in-the-loop,Executive Notifications,REST API,Enterprise AI Platform,None,None,None,Pilot,Pilot,Pilot,Pilot,Strategic,Extreme,Autonomous data governance semantic search entity resolution metadata generation lineage intelligence and enterprise knowledge management,VERIDIAN AI Master Data Management Platform exceeding Informatica MDM Reltio Semarchy xDM Profisee Odoo ERPNext and Zoho
Feature_ID,Module,Submodule,Feature_Category,Feature_Name,Business_Purpose,Description,Inputs,Validation_Rules,Workflow,Outputs,Reports,Database_Entities,User_Roles,Approval_Workflow,Notifications,API,Integration,Odoo,ERPNext,Zoho,Kong,Apigee,MuleSoft,Azure API Management,Priority,Complexity,AI_Opportunity,VERIDIAN_Recommendation
API001,API Platform,API Registry,API Catalog,Enterprise API Registry,Centralize enterprise APIs,Maintain a searchable catalog of REST GraphQL gRPC SOAP WebSocket and internal APIs with documentation versioning and ownership,API Specifications,Unique API ID required,Register>Review>Publish,API Catalog,API Inventory Report,APIRegistry,API Administrator,Yes,Email,REST API,Entire ERP,Partial,Partial,Partial,Yes,Yes,Yes,Yes,Critical,Medium,API discovery,Enterprise API Registry
API002,API Platform,Gateway,API Gateway,Unified API Gateway,Secure and manage API traffic,Provide centralized routing authentication throttling caching rate limiting transformations and traffic control,API Requests,Authentication mandatory,Receive>Validate>Route,Gateway Logs,Gateway Performance Report,APIGateway,Platform Administrator,None,Gateway Alerts,REST GraphQL SOAP gRPC,All Enterprise Systems,Partial,Partial,Partial,Yes,Yes,Yes,Yes,Critical,Very High,Dynamic routing,Enterprise API Gateway
API003,API Platform,Developer Portal,Developer Experience,API Developer Portal,Enable API consumers,Provide interactive documentation SDK downloads testing consoles API keys onboarding and subscription management,API Documentation,Portal approval required,Publish>Consume,Developer Portal,API Adoption Report,DeveloperPortal,Developer Relations,None,Notifications,REST API,GitHub CI/CD,No,No,No,Yes,Yes,Yes,Yes,High,Medium,Documentation generation,AI API Portal
API004,API Platform,Security,API Security,Enterprise API Security,Protect enterprise APIs,Support OAuth2 OpenID Connect JWT mTLS API Keys RBAC ABAC encryption DDoS protection and threat detection,Security Policies,Security validation mandatory,Authenticate>Authorize>Execute,Secure API Access,Security Dashboard,APISecurity,Security Administrator,Yes,Security Alerts,REST API,IAM SIEM,Partial,Partial,Partial,Yes,Yes,Yes,Yes,Critical,High,Threat detection,Zero Trust API Security
API005,API Platform,Lifecycle,Version Management,API Lifecycle Management,Manage API evolution,Control API design testing publishing versioning deprecation retirement and backward compatibility,API Metadata,Semantic versioning required,Draft>Test>Publish,API Release,Version Report,APIVersion,API Product Manager,Optional,Release Alerts,REST API,DevOps Platform,Partial,Partial,Partial,Yes,Yes,Yes,Yes,Critical,Medium,Impact analysis,Enterprise API Lifecycle
API006,API Platform,Integration,Service Bus,Enterprise Integration Bus,Connect enterprise systems,Provide message routing protocol transformation orchestration mediation and enterprise service integration,Integration Definitions,Transformation validation required,Receive>Transform>Route,Integration Flow,Integration Dashboard,IntegrationFlow,Integration Architect,None,Integration Alerts,REST SOAP JMS MQTT Kafka,ERP CRM SCM HR IoT,Partial,Partial,Partial,Yes,Yes,Yes,Yes,Critical,Very High,Flow optimization,Enterprise Integration Bus
API007,API Platform,Events,Event Streaming,Enterprise Event Bus,Enable event-driven architecture,Publish subscribe stream and process enterprise events using Kafka MQTT AMQP and webhooks,Event Streams,Schema registry validation,Publish>Subscribe>Process,Event Stream,Event Analytics,EnterpriseEvent,Event Administrator,None,Operational Alerts,REST Kafka MQTT,IoT ERP AI BPM,No,No,No,Partial,Partial,Partial,Partial,Critical,High,Event correlation,Enterprise Event Mesh
API008,API Platform,Transformation,Data Mapping,Message Transformation Engine,Transform enterprise data,Map JSON XML CSV EDI Avro Protobuf and custom formats between systems,Source Target Schemas,Schema validation required,Transform>Deliver,Transformed Message,Transformation Report,MessageTransformation,Integration Developer,None,None,REST API,ESB ETL,Partial,Partial,Partial,Partial,Yes,Yes,Yes,High,Medium,Schema mapping,AI Mapping Engine
API009,API Platform,Monitoring,Observability,API Monitoring & Analytics,Monitor API health,Track latency throughput failures availability token usage traffic and consumer behavior in real time,API Telemetry,Monitoring enabled,Collect>Analyze,Operational Dashboard,API Performance Report,APIMetrics,Operations Manager,None,Performance Alerts,REST API,Observability Stack,Partial,Partial,Partial,Yes,Yes,Yes,Yes,Critical,Medium,Anomaly detection,API Command Center
API010,API Platform,Testing,Quality Assurance,API Testing Platform,Ensure API quality,Support functional integration regression contract load security and mock testing for APIs,Test Suites,Test approval required,Develop>Execute>Review,Test Results,Quality Dashboard,APITestSuite,QA Lead,Optional,Failure Alerts,REST API,CI/CD Testing,No,No,No,Partial,Partial,Partial,Partial,High,Medium,Test generation,AI API Testing
API011,API Platform,Marketplace,API Products,Enterprise API Marketplace,Monetize and reuse APIs,Publish internal and external API products with pricing plans quotas subscriptions billing and analytics,API Products,Business approval required,Publish>Subscribe,API Product Catalog,Marketplace Analytics,APIProduct,API Product Owner,Yes,Subscription Alerts,REST API,Billing CRM,No,No,No,Yes,Partial,Partial,Partial,Strategic,High,Product recommendations,Enterprise API Marketplace
API012,API Platform,Hybrid,Cloud Integration,Hybrid Integration Platform,Connect cloud and on-premises,Securely integrate SaaS ERP legacy systems databases edge computing and cloud-native applications,Connection Profiles,Connectivity validation required,Connect>Synchronize,Hybrid Integration,Connectivity Dashboard,HybridConnection,Cloud Architect,None,Connectivity Alerts,REST VPN MQ,Cloud Edge ERP,Partial,Partial,Partial,Yes,Yes,Yes,Yes,Critical,High,Route optimization,Hybrid Enterprise Integration
API013,API Platform,Governance,API Governance,Enterprise API Governance,Standardize API management,Enforce API design standards naming conventions lifecycle policies documentation quality and governance metrics,Governance Rules,Governance approval required,Review>Approve>Monitor,Governance Dashboard,API Compliance Report,APIGovernance,Enterprise Architect,Yes,Governance Alerts,REST API,GRC DevOps,Partial,Partial,Partial,Yes,Yes,Yes,Yes,Critical,Medium,Compliance scoring,Enterprise API Governance
API014,API Platform,Audit,API Audit,Immutable API Audit Trail,Track all API activities,Record every API request response authentication policy change deployment integration event and administrative activity,API Events,Immutable logging enabled,Automatic,Audit Log,API Audit Report,APIAudit,Internal Auditor,None,None,REST API,Security Platform,Yes,Yes,Yes,Yes,Yes,Yes,Yes,Critical,Low,Behavior anomaly detection,Blockchain-ready API Audit
API015,API Platform,AI,Integration Intelligence,AI API & Integration Copilot,Create autonomous enterprise integration,Continuously analyze APIs integrations workflows event streams service dependencies consumer usage performance failures costs security telemetrFeature_ID,Module,Submodule,Feature_Category,Feature_Name,Business_Purpose,Description,Inputs,Validation_Rules,Workflow,Outputs,Reports,Database_Entities,User_Roles,Approval_Workflow,Notifications,API,Integration,Odoo,ERPNext,Zoho,Datadog,Dynatrace,New Relic,Splunk Observability,Priority,Complexity,AI_Opportunity,VERIDIAN_Recommendation
OBS001,Observability,Monitoring,Health Monitoring,Enterprise Health Monitoring,Monitor enterprise health,Continuously monitor applications APIs databases servers containers AI agents ERP modules and cloud infrastructure,System Telemetry,Monitoring agents required,Collect>Analyze>Display,Health Dashboard,System Health Report,SystemHealth,Operations Manager,None,Email REST Webhook,REST API,Entire Enterprise,Partial,Partial,Partial,Yes,Yes,Yes,Yes,Critical,Medium,Predictive health scoring,Enterprise Health Center
OBS002,Observability,Metrics,Metrics Engine,Enterprise Metrics Platform,Collect operational metrics,Capture CPU memory storage network latency throughput business KPIs AI usage IoT telemetry and ERP performance metrics,Performance Metrics,Metric schema validation,Collect>Store>Analyze,Metrics Repository,Metrics Dashboard,MetricRecord,SRE Engineer,None,Threshold Alerts,REST API,Cloud IoT ERP,Partial,Partial,Partial,Yes,Yes,Yes,Yes,Critical,High,Trend forecasting,Unified Metrics Platform
OBS003,Observability,Logging,Log Management,Centralized Log Management,Aggregate enterprise logs,Collect normalize index search archive and retain application infrastructure security ERP AI and audit logs,Application Logs,Log integrity required,Ingest>Index>Search,Log Repository,Log Analytics Report,LogEntry,System Administrator,None,Log Alerts,REST API,All Enterprise Systems,Partial,Partial,Partial,Yes,Yes,Yes,Yes,Critical,High,Log summarization,Enterprise Log Platform
OBS004,Observability,Tracing,Distributed Tracing,End-to-End Transaction Tracing,Trace distributed requests,Track every transaction across APIs microservices databases queues workflows and AI agents,Trace Data,Trace correlation ID required,Capture>Analyze,Trace Timeline,Trace Performance Report,TraceRecord,SRE Engineer,None,Latency Alerts,REST API,Microservices Platform,No,No,No,Yes,Yes,Yes,Yes,Critical,High,Root cause prediction,Distributed Trace Engine
OBS005,Observability,Events,Event Management,Enterprise Event Correlation,Correlate operational events,Aggregate infrastructure application security ERP AI IoT and business events into actionable incidents,Enterprise Events,Event timestamp mandatory,Collect>Correlate>Alert,Correlated Events,Event Intelligence Report,EventRecord,NOC Engineer,None,Real-time Alerts,REST API,SIEM Event Bus,Partial,Partial,Partial,Yes,Yes,Yes,Yes,Critical,High,Event correlation,Enterprise Event Intelligence
OBS006,Observability,Alerting,Alert Management,Smart Alerting Framework,Reduce alert fatigue,Support threshold anomaly SLA predictive and composite alerts with escalation policies,Alert Rules,Escalation policy required,Detect>Notify>Resolve,Alert Status,Alert Effectiveness Report,AlertRule,Operations Team,None,SMS Email Teams Slack,REST API,Notification Platform,Partial,Partial,Partial,Yes,Yes,Yes,Yes,Critical,Medium,Noise reduction,Adaptive Alerting Engine
OBS007,Observability,Dashboards,Visualization,Operational Command Center,Provide enterprise visibility,Build customizable dashboards with KPIs topology maps AI agent status infrastructure business metrics and digital twins,Dashboard Widgets,Widget validation required,Configure>Display,Executive Dashboard,Operations Dashboard Report,DashboardConfig,Operations Director,None,None,REST API,BI Digital Twin,Partial,Partial,Partial,Yes,Yes,Yes,Yes,Critical,Medium,Insight recommendations,Enterprise Operations Center
OBS008,Observability,SRE,Reliability,Reliability Engineering Platform,Improve service reliability,Track SLIs SLOs SLAs error budgets availability MTTR MTBF and service reliability metrics,Service Metrics,SLO definition required,Measure>Improve,Reliability Dashboard,SRE Report,ReliabilityMetric,SRE Manager,None,Reliability Alerts,REST API,Incident Management,No,No,No,Yes,Yes,Partial,Partial,Critical,High,Reliability prediction,SRE Intelligence Platform
OBS009,Observability,Performance,APM,Application Performance Monitoring,Optimize enterprise applications,Monitor application response times bottlenecks resource usage SQL performance API latency and user experience,Application Telemetry,Performance baseline required,Monitor>Analyze,Performance Dashboard,APM Report,ApplicationMetric,Application Owner,None,Performance Alerts,REST API,Applications ERP,Partial,Partial,Partial,Yes,Yes,Yes,Yes,Critical,High,Performance optimization,Enterprise APM
OBS010,Observability,Infrastructure,Infrastructure Monitoring,Infrastructure Observability,Monitor enterprise infrastructure,Observe servers containers Kubernetes VMs storage databases cloud resources edge devices and IoT infrastructure,Infrastructure Metrics,Infrastructure inventory required,Observe>Analyze,Infrastructure Dashboard,Infrastructure Report,InfrastructureAsset,Infrastructure Manager,None,Capacity Alerts,REST API,Cloud Kubernetes IoT,Partial,Partial,Partial,Yes,Yes,Yes,Yes,Critical,High,Capacity forecasting,Infrastructure Intelligence
OBS011,Observability,Capacity,Capacity Planning,Enterprise Capacity Management,Predict resource requirements,Forecast compute storage network database AI inference and business capacity requirements using historical usage data,Historical Metrics,Historical data required,Analyze>Forecast,Capacity Plan,Capacity Forecast Report,CapacityModel,Capacity Planner,Optional,None,REST API,Cloud Finance ERP,No,No,No,Partial,Yes,Partial,Partial,Strategic,High,Resource optimization,Enterprise Capacity Intelligence
OBS012,Observability,Incident,Incident Intelligence,Incident Detection & Response,Accelerate incident resolution,Automatically create incidents assign responders track resolution perform postmortems and measure operational excellence,Operational Events,Incident severity required,Detect>Assign>Resolve,Incident Register,Incident Response Report,IncidentRecord,NOC Manager,Optional,Critical Notifications,REST API,ITSM Workflow,Partial,Partial,Partial,Yes,Yes,Yes,Yes,Critical,High,Automated response,Incident Intelligence Platform
OBS013,Observability,Security,Operational Security,Security Observability,Monitor operational security events,Track authentication anomalies privileged access suspicious API activity malware indicators and AI security events,Security Events,Security policy validation,Observe>Correlate>Respond,Security Dashboard,Operational Security Report,SecurityObservation,CISO,None,Security Alerts,REST API,SIEM IAM,Partial,Partial,Partial,Yes,Yes,Yes,Yes,Critical,High,Threat prediction,Operational Security Intelligence
OBS014,Observability,Audit,Observability Audit,Immutable Operations Audit Trail,Maintain observability history,Record monitoring configuration metric changes alerts dashboards AI recommendations incidents and administrative activities,Observability Events,Immutable logging enabled,Automatic,Audit Log,Operations Audit Report,ObservabilityAudit,Internal Auditor,None,None,REST API,Security Platform,Yes,Yes,Yes,Yes,Yes,Yes,Yes,Critical,Low,Configuration anomaly detection,Blockchain-ready Observability Audit
OBS015,Observability,AIOps,Enterprise Intelligence,AI Operations Copilot,Create self-healing enterprise operations,Continuously analyze metrics logs traces events infrastructure APIs ERP workloads AI agents cloud resources Kubernetes IoT cybersecurity incidents business KPIs and digital twins to detect anomalies predict outages identify root causes recommend remediations automate recovery optimize resource utilization reduce operational costs orchestrate autonomous operations and continuously improve enterprise reliability using generative AI causal reasoning knowledge graphs predictive analytics reinforcement learning retrieval augmented generation and explainable AI,Enterprise Telemetry Data Lake,Enterprise governance mandatory,Observe>Detect>Predict>Remediate>Learn,Enterprise Operations Intelligence Platform,Executive Operations Command Center,AIOpsPlatform,Chief Technology Officer,Human-in-the-loop,Executive Notifications,REST API,Entire Enterprise Ecosystem,None,None,None,Pilot,Pilot,Pilot,Pilot,Strategic,Extreme,Self-healing infrastructure predictive incident management autonomous operations intelligent capacity planning root cause analysis and enterprise-wide operational optimization,VERIDIAN AIOps Platform exceeding Datadog Dynatrace New Relic Splunk Observability Odoo ERPNext and Zohoy and enterprise architecture to automatically generate APIs recommend integrations optimize routing detect anomalies create documentation generate SDKs monitor contracts orchestrate event-driven systems and maintain enterprise connectivity using generative AI knowledge graphs multi-agent orchestration predictive analytics retrieval augmented generation and explainable AI,Enterprise Integration Metadata,Enterprise governance mandatory,Observe>Generate>Integrate>Optimize>Learn,Enterprise Integration Intelligence Platform,Executive Integration Dashboard,AIIntegrationPlatform,Chief Technology Officer,Human-in-the-loop,Executive Notifications,REST GraphQL SOAP gRPC Kafka MQTT,Entire Enterprise Ecosystem,None,None,None,Pilot,Pilot,Pilot,Pilot,Strategic,Extreme,Autonomous API generation intelligent integration event orchestration adaptive routing semantic API discovery and enterprise connectivity optimization,VERIDIAN AI Integration Platform exceeding Kong Apigee MuleSoft Azure API Management Odoo ERPNext and Zoho
Feature_ID,Module,Submodule,Feature_Category,Feature_Name,Business_Purpose,Description,Inputs,Validation_Rules,Workflow,Outputs,Reports,Database_Entities,User_Roles,Approval_Workflow,Notifications,API,Integration,Odoo,ERPNext,Zoho,Microsoft Entra ID,Okta,Ping Identity,Keycloak,Priority,Complexity,AI_Opportunity,VERIDIAN_Recommendation
IAM001,Identity & Security,Identity Management,Identity Registry,Enterprise Identity Directory,Maintain enterprise identities,Manage employees contractors vendors customers partners service accounts and AI agents in a centralized identity repository,Identity Records,Unique identity required,Register>Approve>Activate,Identity Directory,Identity Inventory Report,Identity,Identity Administrator,Yes,Email,REST API,Entire Enterprise,Partial,Partial,Partial,Yes,Yes,Yes,Yes,Critical,High,Identity matching,Enterprise Identity Directory
IAM002,Identity & Security,Authentication,SSO,Single Sign-On,Provide seamless authentication,Support SAML OAuth2 OpenID Connect LDAP Active Directory passkeys and passwordless authentication,Login Requests,Identity verification mandatory,Authenticate>Authorize,Authenticated Session,Authentication Report,AuthenticationSession,Security Administrator,None,Login Alerts,REST API,IAM Infrastructure,Partial,Partial,Partial,Yes,Yes,Yes,Yes,Critical,High,Risk-based authentication,Enterprise SSO Platform
IAM003,Identity & Security,Authentication,MFA,Multi-Factor Authentication,Strengthen user authentication,Support OTP authenticator apps FIDO2 security keys biometrics push notifications SMS and email verification,Authentication Factors,MFA policy required,Challenge>Verify,Verified Identity,MFA Compliance Report,MFARecord,Security Administrator,None,MFA Alerts,REST API,Identity Platform,Partial,Partial,Partial,Yes,Yes,Yes,Yes,Critical,Medium,Adaptive MFA,Adaptive Authentication
IAM004,Identity & Security,Authorization,RBAC,Role-Based Access Control,Control user permissions,Assign enterprise roles permissions segregation of duties and access inheritance across all modules,Role Definitions,Least privilege validation,Assign>Approve>Apply,Access Rights,Role Assignment Report,RolePermission,System Administrator,Yes,Access Alerts,REST API,Entire ERP,Yes,Yes,Yes,Yes,Yes,Yes,Yes,Critical,Medium,Role mining,Enterprise RBAC
IAM005,Identity & Security,Authorization,ABAC,Attribute-Based Access Control,Enable dynamic authorization,Grant access based on user attributes device location risk score business unit and context,Access Policies,Policy validation required,Evaluate>Authorize,Policy Decision,Policy Compliance Report,AccessPolicy,Security Architect,Yes,Policy Alerts,REST API,Policy Engine,No,No,No,Yes,Yes,Yes,Yes,Critical,High,Context-aware authorization,Enterprise ABAC
IAM006,Identity & Security,Identity Lifecycle,Provisioning,Identity Lifecycle Management,Automate identity lifecycle,Automate onboarding transfers promotions temporary assignments offboarding and account deprovisioning,HR Events,HR synchronization required,Hire>Provision>Maintain>Disable,Provisioned Accounts,Lifecycle Dashboard,IdentityLifecycle,HR Administrator,Yes,HR Notifications,REST API,HR ERP AD,Partial,Partial,Partial,Yes,Yes,Yes,Yes,Critical,High,Provisioning automation,Enterprise Identity Lifecycle
IAM007,Identity & Security,Privileged Access,PAM,Privileged Access Management,Protect privileged accounts,Secure administrator credentials privileged sessions password vaulting approval workflows and session recording,Privileged Requests,Manager approval required,Request>Approve>Access,Privileged Session,PAM Activity Report,PrivilegedSession,Security Administrator,Yes,Security Alerts,REST API,Servers Databases Cloud,No,No,No,Yes,Yes,Partial,Partial,Critical,Very High,Privilege risk analysis,Enterprise PAM
IAM008,Identity & Security,Zero Trust,Continuous Verification,Zero Trust Access Engine,Continuously validate trust,Never trust always verify using identity device posture behavior location workload sensitivity and risk score,Identity Context,Risk validation mandatory,Verify>Authorize>Monitor,Trust Score,Zero Trust Dashboard,TrustEvaluation,CISO,None,Risk Alerts,REST API,Entire Enterprise,None,None,None,Partial,Partial,Partial,Partial,Critical,Very High,Dynamic trust evaluation,Enterprise Zero Trust Engine
IAM009,Identity & Security,Federation,External Identity,Federated Identity Management,Enable partner access,Provide secure B2B B2C supplier customer and government identity federation using standard protocols,Federation Metadata,Certificate validation required,Connect>Authenticate,Federated Identity,Federation Report,FederatedIdentity,Identity Administrator,Optional,Federation Alerts,REST API,External Identity Providers,Partial,Partial,Partial,Yes,Yes,Yes,Yes,High,High,Identity federation optimization,Federated Identity Hub
IAM010,Identity & Security,Governance,Access Review,Identity Governance & Administration,Ensure compliant access,Perform periodic access certifications segregation of duties reviews policy enforcement and audit readiness,Access Records,Review schedule mandatory,Review>Approve>Revoke,Certified Access,IGA Dashboard,AccessCertification,Compliance Officer,Yes,Certification Alerts,REST API,GRC HR,Partial,Partial,Partial,Yes,Yes,Yes,Yes,Critical,High,Access recommendation,Enterprise Identity Governance
IAM011,Identity & Security,Secrets,Secrets Management,Enterprise Secrets Vault,Secure credentials and secrets,Store API keys certificates encryption keys database passwords AI tokens and service credentials securely,Secrets,Encryption mandatory,Store>Rotate>Retrieve,Secrets Repository,Secrets Audit Report,SecretVault,Security Administrator,None,Rotation Alerts,REST API,DevOps Kubernetes,No,No,No,Partial,Partial,Partial,Partial,Critical,High,Secret rotation optimization,Enterprise Secrets Vault
IAM012,Identity & Security,Monitoring,Identity Monitoring,Identity Threat Monitoring,Monitor identity risks,Detect impossible travel credential abuse brute force attacks insider threats privilege escalation and anomalous behavior,Authentication Logs,Continuous monitoring enabled,Monitor>Detect>Respond,Threat Dashboard,Identity Threat Report,IdentityThreat,Security Operations,None,Security Alerts,REST API,SIEM SOC,Partial,Partial,Partial,Yes,Yes,Yes,Yes,Critical,High,Behavior analytics,Identity Threat Intelligence
IAM013,Identity & Security,Compliance,Regulatory Compliance,Identity Compliance Management,Meet regulatory requirements,Support ISO 27001 SOC2 GDPR DPDP HIPAA PCI DSS NIST and enterprise security compliance requirements,Compliance Policies,Compliance validation required,Assess>Report,Compliance Status,Compliance Dashboard,IdentityCompliance,Compliance Manager,Yes,Compliance Alerts,REST API,GRC Platform,Partial,Partial,Partial,Yes,Yes,Yes,Yes,Critical,Medium,Compliance scoring,Enterprise Identity Compliance
IAM014,Identity & Security,Audit,Security Audit,Immutable Identity Audit Trail,Maintain complete identity history,Record every authentication authorization policy change role assignment privileged action AI decision and administrative event,Security Events,Immutable logging enabled,Automatic,Audit Log,Identity Audit Report,IdentityAudit,Internal Auditor,None,None,REST API,Security Platform,Yes,Yes,Yes,Yes,Yes,Yes,Yes,Feature_ID,Module,Submodule,Feature_Category,Feature_Name,Business_Purpose,Description,Inputs,Validation_Rules,Workflow,Outputs,Reports,Database_Entities,User_Roles,Approval_Workflow,Notifications,API,Integration,Odoo,ERPNext,Zoho,MetricStream,ServiceNow GRC,RSA Archer,SAP GRC,Priority,Complexity,AI_Opportunity,VERIDIAN_Recommendation
GRC001,GRC,Risk Management,Risk Register,Enterprise Risk Register,Maintain enterprise risks,Maintain centralized register of strategic operational financial cyber legal ESG and third-party risks,Risk Records,Unique Risk ID required,Identify>Assess>Approve,Risk Register,Risk Summary Report,Risk,Chief Risk Officer,Yes,Email,REST API,Entire Enterprise,Partial,Partial,Partial,Yes,Yes,Yes,Yes,Critical,Medium,Risk clustering,Enterprise Risk Register
GRC002,GRC,Risk Assessment,Risk Analysis,Risk Assessment Framework,Measure enterprise risks,Assess likelihood impact velocity financial exposure and residual risk using configurable methodologies,Risk Assessment,Assessment validation required,Assess>Review>Approve,Risk Scores,Risk Heatmap,RiskAssessment,Risk Manager,Yes,Risk Alerts,REST API,GRC Platform,Partial,Partial,Partial,Yes,Yes,Yes,Yes,Critical,High,Predictive scoring,AI Risk Assessment
GRC003,GRC,Controls,Internal Controls,Internal Control Management,Manage enterprise controls,Maintain preventive detective corrective automated and manual controls linked to risks and regulations,Control Definitions,Control owner required,Design>Test>Approve,Control Library,Control Effectiveness Report,Control,Internal Control Manager,Yes,Notifications,REST API,ERP Finance HR,Partial,Partial,Partial,Yes,Yes,Yes,Yes,Critical,High,Control optimization,Enterprise Control Framework
GRC004,GRC,Compliance,Regulatory Compliance,Compliance Obligation Management,Track regulatory obligations,Manage ISO 9001 ISO 27001 SOC2 GDPR DPDP HIPAA SOX PCI-DSS ESG and industry regulations,Compliance Rules,Regulation mapping required,Identify>Monitor>Comply,Compliance Register,Compliance Dashboard,ComplianceRequirement,Compliance Officer,Yes,Compliance Alerts,REST API,GRC Systems,Partial,Partial,Partial,Yes,Yes,Yes,Yes,Critical,High,Compliance recommendations,Unified Compliance Platform
GRC005,GRC,Policy Management,Policies,Enterprise Policy Management,Govern enterprise policies,Manage policies procedures SOPs standards acknowledgements versioning approvals and lifecycle,Policy Documents,Version approval required,Draft>Approve>Publish,Policy Repository,Policy Compliance Report,Policy,Policy Manager,Yes,Policy Notifications,REST API,DMS HR,Partial,Partial,Partial,Partial,Partial,Partial,Partial,High,Medium,Policy summarization,Digital Policy Library
GRC006,GRC,Audit,Audit Planning,Internal Audit Management,Manage enterprise audits,Plan audits assign auditors execute audit programs capture findings and corrective actions,Audit Plans,Audit scope required,Plan>Execute>Close,Audit Register,Audit Dashboard,Audit,Chief Audit Executive,Yes,Audit Alerts,REST API,ERP GRC,Partial,Partial,Partial,Yes,Yes,Yes,Yes,Critical,High,Audit planning,Enterprise Audit Platform
GRC007,GRC,Issues,Corrective Actions,Issue & CAPA Management,Resolve compliance issues,Track observations non-conformities incidents root causes CAPA owners due dates and effectiveness,Audit Findings,Owner assignment mandatory,Report>Investigate>Close,CAPA Register,CAPA Dashboard,CAPA,Quality Manager,Yes,CAPA Alerts,REST API,QMS Projects,Partial,Partial,Partial,Yes,Partial,Partial,Partial,Critical,Medium,Root cause analysis,Enterprise CAPA Platform
GRC008,GRC,Business Continuity,BCP,Business Continuity Planning,Maintain operational resilience,Manage business continuity plans recovery priorities alternate sites critical resources and emergency contacts,BCP Plans,Executive approval required,Prepare>Test>Maintain,BCP Repository,BCP Readiness Report,BusinessContinuityPlan,BCP Manager,Yes,Emergency Alerts,REST API,Facilities HR IT,Partial,Partial,Partial,Partial,Partial,Partial,Partial,Critical,High,Recovery optimization,Enterprise BCP
GRC009,GRC,Disaster Recovery,DR,Disaster Recovery Management,Recover IT services,Manage disaster recovery strategies backup plans recovery objectives failover testing and restoration procedures,Recovery Plans,RPO/RTO validation required,Prepare>Recover>Review,Recovery Status,DR Readiness Dashboard,DisasterRecoveryPlan,IT Director,Yes,DR Alerts,REST API,Cloud Infrastructure,Partial,Partial,Partial,Partial,Partial,Partial,Partial,Critical,High,Recovery prediction,Enterprise DR Platform
GRC010,GRC,Vendor Risk,Third Party Risk,Third-Party Risk Management,Manage supplier risks,Assess supplier financial cyber operational ESG legal geopolitical and compliance risks,Supplier Assessments,Vendor approval required,Assess>Monitor,Vendor Risk Register,Vendor Risk Dashboard,VendorRisk,Procurement Manager,Optional,Vendor Alerts,REST API,SCM Procurement,Partial,Partial,Partial,Yes,Yes,Yes,Yes,Critical,High,Supplier risk prediction,Third-Party Risk Intelligence
GRC011,GRC,ESG Governance,Sustainability Governance,ESG Risk Management,Manage ESG risks,Track environmental social governance risks sustainability objectives carbon exposure and regulatory compliance,ESG Data,ESG metrics validation,Collect>Assess>Report,ESG Risk Dashboard,ESG Governance Report,ESGRisk,Sustainability Officer,None,Compliance Alerts,REST API,ESG Platform,No,No,No,Partial,Partial,Partial,Partial,Strategic,Medium,ESG forecasting,Sustainability Governance Hub
GRC012,GRC,Fraud Management,Fraud Detection,Enterprise Fraud Risk Management,Prevent fraud,Detect financial procurement payroll expense inventory cyber and operational fraud patterns,Fraud Events,Detection rules required,Monitor>Investigate>Resolve,Fraud Cases,Fraud Analytics,FraudCase,Fraud Investigator,None,Fraud Alerts,REST API,Finance HR Security,Partial,Partial,Partial,Partial,Partial,Partial,Partial,Critical,High,Fraud detection,AI Fraud Intelligence
GRC013,GRC,Governance,Board Governance,Corporate Governance Management,Support executive governance,Track board meetings resolutions committees delegated authorities ethics disclosures and governance KPIs,Governance Records,Board approval required,Record>Review>Approve,Governance Dashboard,Board Governance Report,GovernanceRecord,Company Secretary,Yes,Board Notifications,REST API,DMS ERP,None,None,None,Partial,Partial,Partial,Partial,Strategic,Medium,Governance insights,Corporate Governance Platform
GRC014,GRC,Audit,Audit Trail,Immutable Governance Audit Trail,Maintain governance history,Record every policy risk control audit compliance action approval AI recommendation and governance decision,Governance Events,Immutable logging enabled,Automatic,Audit Log,Governance Audit Report,GovernanceAudit,Internal Auditor,None,None,REST API,Security Platform,Yes,Yes,Yes,Yes,Yes,Yes,Yes,Critical,Low,Behavior analytics,Blockchain-ready Governance Audit
GRC015,GRC,AI,Enterprise Governance Intelligence,AI GRC Copilot,Create autonomous governance risk and compliance,Continuously analyze enterprise risks controls regulations policies audit findings cybersecurity events supplier data ESG metrics financial transactions operational KPIs AI agent activities and external intelligence to predict emerging risks automate compliance evidence generate audit workpapers recommend controls prioritize remediation optimize business continuity and support executive governance using generative AI knowledge graphs retrieval augmented generation machine learning reinforcement learning predictive analytics and explainable AI,Enterprise Governance Data Lake,Enterprise governance mandatory,Observe>Assess>Recommend>Mitigate>Learn,Enterprise Governance Intelligence Platform,Executive GRC Command Center,AIGRCPlatform,Chief Risk Officer,Human-in-the-loop,Executive Notifications,REST API,Entire Enterprise Ecosystem,None,None,None,Pilot,Pilot,Pilot,Pilot,Strategic,Extreme,Autonomous governance predictive compliance continuous auditing fraud detection resilience optimization and executive decision intelligence,VERIDIAN AI GRC Platform exceeding MetricStream ServiceNow GRC RSA Archer SAP GRC Odoo ERPNext and ZohoCritical,Low,Insider threat detection,Blockchain-ready Identity Audit
IAM015,Identity & Security,AI,Identity Intelligence,AI Identity & Zero Trust Copilot,Create autonomous identity security,Continuously analyze enterprise identities authentication events privileged activities device posture behavioral analytics AI agents API usage cloud resources business context compliance requirements and threat intelligence to recommend access policies detect insider threats automate provisioning optimize permissions predict attacks orchestrate adaptive authentication and continuously strengthen Zero Trust security using generative AI knowledge graphs machine learning behavioral analytics retrieval augmented generation reinforcement learning and explainable AI,Enterprise Identity Data Lake,Enterprise governance mandatory,Observe>Assess>Protect>Optimize>Learn,Enterprise Identity Intelligence Platform,Executive Security Command Center,AIIdentityPlatform,Chief Information Security Officer,Human-in-the-loop,Executive Notifications,REST API,Entire Enterprise Ecosystem,None,None,None,Pilot,Pilot,Pilot,Pilot,Strategic,Extreme,Autonomous identity governance adaptive authentication insider threat prediction privilege optimization continuous Zero Trust enforcement and AI-driven security operations,VERIDIAN AI Identity Platform exceeding Microsoft Entra ID Okta Ping Identity Keycloak Odoo ERPNext and Zoho
Feature_ID,Module,Submodule,Feature_Category,Feature_Name,Business_Purpose,Description,Inputs,Validation_Rules,Workflow,Outputs,Reports,Database_Entities,User_Roles,Approval_Workflow,Notifications,API,Integration,Odoo,ERPNext,Zoho,GitHub Enterprise,GitLab,Azure DevOps,Harness,Priority,Complexity,AI_Opportunity,VERIDIAN_Recommendation
DEV001,Developer Platform,Source Control,Repository Management,Enterprise Git Repository,Manage enterprise source code,Provide centralized Git repositories with branching pull requests code ownership versioning and traceability,Source Code,Repository policy validation required,Commit>Review>Merge,Repository,Repository Activity Report,GitRepository,Developer,Yes,Email,REST API,Git Platform,No,No,No,Yes,Yes,Yes,Yes,Critical,Medium,Code organization,Enterprise Git Platform
DEV002,Developer Platform,CI,Continuous Integration,Enterprise CI Pipeline,Automate builds and testing,Compile applications execute automated tests perform static analysis and generate artifacts on every commit,Source Code,Pipeline validation required,Commit>Build>Test,Build Artifact,CI Dashboard,CIPipeline,DevOps Engineer,None,Build Alerts,REST API,CI/CD Platform,Partial,Partial,Partial,Yes,Yes,Yes,Yes,Critical,High,Pipeline optimization,AI Continuous Integration
DEV003,Developer Platform,CD,Continuous Delivery,Continuous Deployment,Automate enterprise releases,Deploy applications to development testing staging production and edge environments with rollback support,Deployment Packages,Approval gates required,Build>Deploy>Verify,Deployment Status,Release Dashboard,DeploymentPipeline,Release Manager,Yes,Deployment Notifications,REST API,Kubernetes Cloud Vercel,Partial,Partial,Partial,Yes,Yes,Yes,Yes,Critical,High,Release optimization,Enterprise Continuous Delivery
DEV004,Developer Platform,DevSecOps,Security Scanning,Integrated DevSecOps,Secure software delivery,Run SAST DAST dependency container secrets IaC and license scanning throughout SDLC,Source Artifacts,Security policy validation,Scan>Review>Fix,Security Findings,Security Dashboard,SecurityScan,Security Engineer,Optional,Security Alerts,REST API,Security Tools,No,No,No,Yes,Yes,Yes,Yes,Critical,High,Vulnerability prediction,Integrated DevSecOps
DEV005,Developer Platform,Containers,Container Platform,Container Lifecycle Management,Manage containerized workloads,Build scan sign store deploy and monitor OCI containers across hybrid environments,Container Images,Image signing required,Build>Scan>Deploy,Container Registry,Container Usage Report,ContainerImage,Platform Engineer,None,Registry Alerts,REST API,Docker Kubernetes,No,No,No,Partial,Partial,Partial,Partial,Critical,High,Container optimization,Enterprise Container Platform
DEV006,Developer Platform,Kubernetes,Cluster Management,Kubernetes Platform,Run cloud-native applications,Provision manage monitor upgrade autoscale and secure Kubernetes clusters,Cluster Configurations,Cluster health validation,Provision>Operate,Cluster Status,Cluster Operations Report,KubernetesCluster,SRE Engineer,Optional,Cluster Alerts,REST API,Kubernetes Cloud,No,No,No,Yes,Yes,Yes,Partial,Critical,High,Cluster optimization,Kubernetes Control Plane
DEV007,Developer Platform,Infrastructure,IaC,Infrastructure as Code,Automate infrastructure provisioning,Provision cloud networking databases storage compute security and Kubernetes using declarative templates,IaC Templates,Template validation required,Plan>Approve>Apply,Provisioned Infrastructure,Infrastructure Report,InfrastructureTemplate,Cloud Engineer,Yes,Provisioning Alerts,REST API,Terraform OpenTofu,No,No,No,Partial,Partial,Partial,Partial,Critical,High,Template generation,Enterprise IaC Platform
DEV008,Developer Platform,Platform Engineering,Internal Developer Platform,Developer Self-Service Portal,Accelerate developer productivity,Provide templates golden paths environments APIs documentation and self-service infrastructure provisioning,Developer Requests,Policy validation required,Request>Provision,Provisioned Environment,Platform Usage Dashboard,DeveloperWorkspace,Platform Engineer,None,Workspace Notifications,REST API,Developer Portal,No,No,No,Partial,Partial,Partial,Partial,Strategic,High,Platform recommendations,Internal Developer Platform
DEV009,Developer Platform,Artifacts,Artifact Repository,Enterprise Artifact Management,Store enterprise build artifacts,Manage binaries packages container images Helm charts libraries and dependencies with version control,Artifacts,Checksum validation required,Publish>Store>Consume,Artifact Repository,Artifact Report,Artifact,Release Engineer,None,Repository Alerts,REST API,Package Registry,No,No,No,Yes,Yes,Yes,Partial,High,Medium,Dependency optimization,Enterprise Artifact Repository
DEV010,Developer Platform,Observability,Developer Observability,Engineering Telemetry,Measure engineering performance,Track deployment frequency lead time MTTR change failure rate DORA metrics and engineering productivity,Engineering Metrics,Telemetry enabled,Collect>Analyze,Engineering Dashboard,DORA Metrics Report,EngineeringMetric,Engineering Manager,None,Performance Alerts,REST API,Observability Platform,No,No,No,Partial,Partial,Partial,Partial,High,Medium,Productivity analytics,Engineering Intelligence Hub
DEV011,Developer Platform,Release,Release Management,Enterprise Release Orchestration,Coordinate enterprise releases,Manage release calendars approvals dependencies feature flags canary deployments and rollback plans,Release Plans,Approval workflow required,Plan>Approve>Release,Release Status,Release Dashboard,ReleasePlan,Release Manager,Yes,Release Notifications,REST API,Project Management CI/CD,Partial,Partial,Partial,Yes,Yes,Yes,Yes,Critical,High,Risk prediction,Release Orchestration Platform
DEV012,Developer Platform,API,Developer APIs,Platform API Framework,Expose developer services,Provide APIs for CI/CD provisioning secrets monitoring deployments and platform automation,API Definitions,Authentication required,Publish>Consume,Platform APIs,API Usage Report,DeveloperAPI,Platform Administrator,None,API Alerts,REST API,Internal Platform,No,No,No,Partial,Partial,Partial,Partial,High,Medium,API generation,Developer API Platform
DEV013,Developer Platform,Compliance,Software Compliance,Secure Software Governance,Ensure secure software delivery,Enforce SBOM generation supply-chain security code signing audit trails compliance evidence and policy-as-code,Build Metadata,Compliance validation required,Validate>Approve,Compliance Status,Software Compliance Dashboard,SoftwareCompliance,Compliance Officer,Yes,Compliance Alerts,REST API,GRC Security,No,No,No,Yes,Yes,Yes,Yes,Critical,High,Compliance automation,Enterprise Software Governance
DEV014,Developer Platform,Audit,Engineering Audit,Immutable Engineering Audit Trail,Maintain engineering history,Record every code commit build deployment approval infrastructure change AI recommendation and administrative activity,Engineering Events,Immutable logging enabled,Automatic,Audit Log,Engineering Audit Report,EngineeringAudit,Internal Auditor,None,None,REST API,Security Platform,Yes,Yes,Yes,Yes,Yes,Yes,Yes,Critical,Low,Change anomaly detection,Blockchain-ready Engineering Audit
DEV015,Developer Platform,AI,Platform Intelligence,AI Software Engineering Copilot,Create autonomous enterprise software delivery,Continuously analyze source code repositories pull requests build pipelines deployments infrastructure telemetry runtime metrics security findings developer productivity architecture dependencies and business requirements to generate code optimize pipelines detect vulnerabilities recommend architectures automate testing generate documentation provision infrastructure orchestrate releases and continuously improve software delivery using generative AI retrieval augmented generation knowledge graphs reinforcement learning multi-agent orchestration and explainable AI,Enterprise Engineering Data Lake,Enterprise governance mandatory,Observe>Generate>Build>Deploy>Learn,Enterprise Engineering Intelligence Platform,Executive Engineering Dashboard,AIDevPlatform,Chief Technology Officer,Human-in-the-loop,Executive Notifications,REST API,Entire Enterprise Engineering Ecosystem,None,None,None,Pilot,Pilot,Pilot,Pilot,Strategic,Extreme,Autonomous software engineering AI coding self-optimizing DevSecOps intelligent platform engineering continuous architecture optimization and self-healing delivery pipelines,VERIDIAN AI Developer Platform exceeding GitHub Enterprise GitLab Azure DevOps Harness Odoo ERPNext and Zoho
Feature_ID,Module,Submodule,Feature_Category,Feature_Name,Business_Purpose,Description,Inputs,Validation_Rules,Workflow,Outputs,Reports,Database_Entities,User_Roles,Approval_Workflow,Notifications,API,Integration,Odoo,ERPNext,Zoho,Microsoft Power BI,Tableau,Qlik Sense,Looker,Priority,Complexity,AI_Opportunity,VERIDIAN_Recommendation
BI001,Analytics Platform,Data Warehouse,Enterprise Data Warehouse,Unified Enterprise Data Warehouse,Centralize enterprise analytics,Consolidate transactional master IoT AI and external data into a governed analytical repository,Enterprise Data Sources,Data quality validation required,Extract>Transform>Load>Validate,Enterprise Data Warehouse,Warehouse Health Report,DataWarehouse,Data Engineer,Optional,Load Notifications,REST API,Entire Enterprise,Partial,Partial,Partial,Partial,Partial,Partial,Partial,Critical,High,Automated schema optimization,Cloud-Native Enterprise Data Warehouse
BI002,Analytics Platform,Data Lake,Enterprise Data Lake,Unified Data Lake,Store structured and unstructured data,Manage raw curated and processed enterprise datasets supporting AI analytics and digital twins,Enterprise Data Streams,Schema evolution supported,Ingest>Catalog>Govern,Enterprise Data Lake,Data Lake Report,DataLake,Data Engineer,None,Pipeline Alerts,REST API,Cloud Storage AI Platform,No,No,No,Partial,Partial,Partial,Partial,Critical,High,Automated data classification,Unified Enterprise Data Lake
BI003,Analytics Platform,ETL,Data Integration,Enterprise Data Pipelines,Prepare analytics-ready data,Create scheduled and streaming ETL ELT pipelines with validation lineage and monitoring,Source Systems,Transformation validation required,Extract>Transform>Publish,Curated Dataset,Pipeline Dashboard,DataPipeline,Integration Engineer,None,Pipeline Alerts,REST API,API ESB Kafka,Partial,Partial,Partial,Partial,Partial,Partial,Partial,Critical,High,Pipeline optimization,AI Data Pipeline Platform
BI004,Analytics Platform,Semantic Layer,Business Model,Enterprise Semantic Model,Standardize business definitions,Provide reusable business metrics KPIs dimensions hierarchies measures and calculations for analytics,Business Definitions,Metadata approval required,Define>Publish,Semantic Catalog,Semantic Model Report,SemanticModel,BI Architect,Yes,Metadata Alerts,REST API,Metadata Catalog,No,No,No,Partial,Partial,Partial,Yes,Critical,High,Semantic relationship discovery,Enterprise Semantic Layer
BI005,Analytics Platform,Dashboards,Visualization,Executive Dashboards,Provide business visibility,Create interactive dashboards with drill-down filters alerts scorecards and enterprise KPIs,Curated Data,KPI validation required,Configure>Publish,Executive Dashboard,Executive KPI Report,Dashboard,Executive,None,Threshold Alerts,REST API,BI Platform ERP,Yes,Yes,Yes,Yes,Yes,Yes,Yes,Critical,Medium,Natural language insights,Executive Intelligence Center
BI006,Analytics Platform,Self-Service,Analytics Workspace,Self-Service Analytics,Empower business users,Allow users to build reports dashboards datasets and visualizations without coding,Enterprise Data,Role-based access required,Select>Analyze>Share,Custom Reports,Usage Dashboard,AnalyticsWorkspace,Business Analyst,None,None,REST API,BI Platform,Partial,Partial,Partial,Yes,Yes,Yes,Yes,High,Medium,Report generation,Self-Service Analytics Hub
BI007,Analytics Platform,Reporting,Operational Reporting,Enterprise Reporting Engine,Generate operational reports,Produce scheduled ad hoc regulatory financial and operational reports in multiple formats,Report Templates,Report validation required,Generate>Distribute,Enterprise Reports,Report Distribution Report,EnterpriseReport,Report Administrator,Optional,Email PDF Alerts,REST API,DMS Email,Yes,Yes,Yes,Yes,Yes,Yes,Yes,Critical,Medium,Automatic report summarization,Unified Reporting Platform
BI008,Analytics Platform,Forecasting,Predictive Analytics,Predictive Forecasting,Forecast enterprise outcomes,Predict sales demand inventory workforce finance maintenance churn and cash flow using ML models,Historical Data,Model accuracy threshold required,Train>Predict>Evaluate,Predictions,Forecast Accuracy Report,PredictionModel,Data Scientist,None,Forecast Alerts,REST API,ML Platform ERP,Partial,Partial,Partial,Partial,Partial,Partial,Partial,Critical,High,Multi-model forecasting,Predictive Intelligence Platform
BI009,Analytics Platform,Decision Intelligence,Decision Support,Enterprise Decision Intelligence,Improve strategic decisions,Combine analytics AI simulations digital twins optimization and business rules to recommend enterprise decisions,Enterprise Data & KPIs,Decision rules required,Analyze>Recommend,Decision Recommendations,Decision Effectiveness Report,DecisionModel,Department Head,Optional,Decision Alerts,REST API,AI Platform Digital Twin,None,None,None,No,No,No,Partial,Strategic,Very High,AI-assisted decision making,Decision Intelligence Engine
BI010,Analytics Platform,KPI Management,Performance Management,Enterprise KPI Framework,Measure enterprise performance,Maintain enterprise KPIs scorecards benchmarks targets ownership and trend analysis,KPI Definitions,Executive approval required,Define>Measure>Review,KPI Dashboard,KPI Performance Report,KPIRecord,Performance Manager,Yes,KPI Alerts,REST API,ERP HR Finance,Yes,Yes,Yes,Partial,Partial,Partial,Partial,Critical,Medium,KPI optimization,Enterprise KPI Hub
BI011,Analytics Platform,Streaming,Real-Time Analytics,Streaming Analytics,Analyze live enterprise events,Perform real-time analytics on IoT ERP AI APIs customer events and operational telemetry,Streaming Data,Low latency validation,Ingest>Analyze>Alert,Streaming Dashboard,Streaming Intelligence Report,StreamingEvent,Operations Manager,None,Real-time Alerts,REST API,Kafka MQTT Event Bus,No,No,No,Partial,Partial,Partial,Partial,Critical,High,Real-time anomaly detection,Streaming Analytics Platform
BI012,Analytics Platform,Catalog,Data Discovery,Enterprise Data Catalog,Enable enterprise data discovery,Maintain searchable catalog of datasets owners metadata lineage quality scores and classifications,Metadata Catalog,Metadata completeness required,Catalog>Search>Govern,Enterprise Catalog,Data Catalog Report,DataCatalog,Data Steward,None,None,REST API,Metadata Platform,Partial,Partial,Partial,Partial,Partial,Partial,Partial,High,Medium,Dataset recommendations,Enterprise Data Catalog
BI013,Analytics Platform,Governance,Analytics Governance,Analytics Governance Framework,Ensure trusted analytics,Govern dashboards reports datasets KPIs security lineage certifications and lifecycle management,Analytics Policies,Governance approval required,Review>Approve>Publish,Governance Dashboard,Analytics Governance Report,AnalyticsGovernance,Chief Data Officer,Yes,Governance Alerts,REST API,GRC Platform,Partial,Partial,Partial,Partial,Partial,Partial,Partial,Critical,Medium,Governance automation,Analytics Governance Platform
BI014,Analytics Platform,Audit,Analytics Audit,Immutable Analytics Audit Trail,Track analytics activities,Record report execution dashboard access dataset modifications AI recommendations KPI changes and administrative actions,Analytics Events,Immutable logging enabled,Automatic,Audit Log,Analytics Audit Report,AnalyticsAudit,Internal Auditor,None,None,REST API,Security Platform,Yes,Yes,Yes,Yes,Yes,Yes,Yes,Critical,Low,Usage anomaly detection,Blockchain-ready Analytics Audit
BI015,Analytics Platform,AI,Enterprise Intelligence,AI Decision Intelligence Copilot,Create autonomous enterprise intelligence,Continuously analyze enterprise transactions operational KPIs financial results supply chains manufacturing HR CRM projects IoT AI agents digital twins external market intelligence and historical trends to generate executive insights explain anomalies forecast business outcomes recommend strategic decisions simulate alternatives optimize enterprise performance generate natural language reports answer business questions and continuously improve decision quality using generative AI retrieval augmented generation knowledge graphs multi-agent reasoning predictive analytics reinforcement learning causal inference optimization algorithms and explainable AI,Enterprise Intelligence Data Lake,Enterprise governance mandatory,Observe>Analyze>Predict>Recommend>Optimize>Learn,Enterprise Decision Intelligence Platform,Executive Decision Command Center,AIDecisionPlatform,Chief Executive Officer,Human-in-the-loop,Executive Notifications,REST API,Entire Enterprise Ecosystem,None,None,None,Pilot,Pilot,Pilot,Pilot,Strategic,Extreme,Autonomous business intelligence executive copilots predictive decision optimization natural language analytics continuous enterprise intelligence and AI-driven strategic planning,VERIDIAN Enterprise Decision Intelligence Platform exceeding Microsoft Power BI Tableau Qlik Sense Looker Odoo ERPNext and Zoho

